"SAMAccountName","LastLogonDate"
"_Clinical",
"_Communications",
"_SocialEnterpriseAss",
"_SocialEnterprisePri",
"abamberg","6/29/2012 8:57:37 AM"
"AbigailM","2/8/2017 9:15:29 AM"
"abigaily","11/19/2019 11:36:28 AM"
"accounting-",
"adjoin","6/29/2019 6:11:22 AM"
"admin1","9/5/2017 4:32:24 AM"
"Administrator","11/18/2019 6:00:01 PM"
"Adrianam","11/6/2019 10:32:52 AM"
"adriennem","4/13/2015 8:35:14 AM"
"aivath","10/22/2019 1:04:39 PM"
"ajeiar","11/19/2019 10:52:23 AM"
"alanag","11/21/2019 1:09:00 PM"
"alejandrac","11/18/2019 4:48:22 PM"
"alexandrab","9/3/2016 11:17:07 AM"
"alexb","10/25/2018 2:22:19 PM"
"alexier","11/8/2018 8:15:57 AM"
"AlexisC","7/2/2019 12:17:20 PM"
"aliak","11/22/2019 6:57:14 AM"
"aliciab","11/22/2019 12:23:21 PM"
"aliciap","4/26/2013 2:59:19 PM"
"AlisaS","10/9/2016 9:03:48 AM"
"allisonb",
"allisonp","8/13/2018 1:10:46 PM"
"AllonaA","5/1/2017 12:44:46 PM"
"almap","11/15/2019 9:16:06 AM"
"almav","11/27/2019 9:26:24 AM"
"alnshaj",
"alycenh","5/2/2016 11:13:59 AM"
"alyssah","9/9/2019 2:22:24 PM"
"AmandaD","10/23/2015 5:15:35 PM"
"AmandaL","11/21/2019 12:13:53 PM"
"amandam","4/8/2013 11:03:52 AM"
"amandas","9/28/2012 2:28:19 PM"
"amartinez","9/17/2019 9:36:20 AM"
"amberw",
"AmirP","11/16/2016 8:24:25 PM"
"amyt","11/26/2019 6:16:47 AM"
"anam","3/12/2018 1:15:44 PM"
"AnaV","2/21/2019 9:39:13 AM"
"andrewh","12/24/2014 2:36:20 PM"
"andrewj","8/1/2017 9:04:52 AM"
"andym","11/26/2019 12:21:38 PM"
"AngelaH","8/13/2018 8:33:17 AM"
"angelat","3/29/2017 12:12:44 PM"
"angeliap","11/6/2019 10:06:00 AM"
"angelitar","12/31/2015 11:35:17 AM"
"angelj","4/18/2018 3:05:56 PM"
"annem","4/17/2018 2:07:34 PM"
"annsophiem","12/2/2016 9:31:13 AM"
"ANord","12/6/2016 8:25:04 AM"
"anthonyw","9/15/2017 9:18:45 AM"
"aracelim","10/7/2019 2:12:11 PM"
"aracelip","9/5/2018 2:36:01 PM"
"aregina","12/19/2018 10:03:19 AM"
"arnoldr","4/5/2015 4:55:58 PM"
"arpineg","12/3/2015 8:55:41 AM"
"ashabazz","1/20/2017 9:04:55 AM"
"AshaniqueN","2/24/2018 7:02:17 AM"
"AshleyB","1/23/2017 1:12:14 PM"
"ashleye",
"ashontig","2/8/2018 5:55:40 AM"
"ASPNET",
"assiam","5/10/2019 12:23:09 PM"
"auditor",
"audreyk","11/16/2015 10:26:11 AM"
"audreyk-old","3/3/2014 10:15:18 AM"
"AuraY","11/18/2019 8:30:47 AM"
"avargas","11/15/2019 6:12:40 AM"
"barbaral","6/2/2018 6:09:35 AM"
"BarronD",
"BeatrizS","6/11/2019 9:07:57 AM"
"beckib",
"bernicet",
"bettinaa","8/13/2018 9:46:56 AM"
"BeverlyD","6/4/2019 2:52:15 PM"
"biancad","2/13/2017 9:47:22 AM"
"bigmammascan","3/7/2017 8:56:42 AM"
"bjohnson",
"brandyec","5/23/2019 3:23:00 PM"
"brendag","9/23/2018 3:13:28 PM"
"brendat","5/13/2019 12:07:50 PM"
"breonnab","11/23/2019 1:46:30 PM"
"brittanys","11/25/2019 5:30:08 PM"
"BrittneyA","11/14/2016 9:36:34 AM"
"brittneyd","7/1/2015 9:02:49 PM"
"brookel","12/7/2016 3:28:26 AM"
"camillec","2/23/2017 10:42:40 AM"
"camillew","7/25/2018 2:56:47 PM"
"carish","7/22/2019 11:01:13 AM"
"carlag","7/6/2015 8:52:20 AM"
"caroleb",
"carolines","4/25/2016 8:39:02 AM"
"casimirs","4/14/2017 5:19:59 PM"
"CassieA",
"ccortez","9/17/2019 6:10:21 AM"
"chanikac","11/18/2019 2:49:19 PM"
"CharlotteB","10/27/2015 1:51:01 PM"
"CharlotteF","8/8/2017 10:30:53 AM"
"CharmaineC","4/21/2017 3:36:28 PM"
"chelsear","6/10/2019 8:29:03 AM"
"cherishw","6/27/2019 4:13:51 PM"
"cherylc","2/25/2014 2:25:49 PM"
"cheyanner","11/19/2019 12:58:55 PM"
"chloer","2/15/2019 11:28:36 AM"
"ChristineP","1/2/2018 10:21:25 AM"
"chst",
"chstest","1/7/2014 9:22:45 AM"
"CilitaS","2/8/2017 10:22:22 AM"
"cindym","11/6/2015 7:54:43 AM"
"cinthyas","11/19/2019 9:57:05 AM"
"claudiac","11/8/2019 8:22:38 AM"
"clinicalintern","5/21/2018 8:14:42 AM"
"clinicalintern2","5/14/2018 8:10:37 AM"
"clinicalintern3","7/23/2018 6:06:06 PM"
"clinicalintern4","4/23/2018 7:48:40 AM"
"clinicalintern5","1/29/2018 12:24:21 PM"
"conniet","11/25/2019 5:42:17 PM"
"courtneyb","11/9/2017 8:39:03 AM"
"courtneyh","7/24/2018 1:47:26 PM"
"cristalr","8/26/2019 8:09:27 AM"
"CristianC","3/23/2017 11:55:30 AM"
"cristinag","10/25/2018 11:17:21 AM"
"cristinat","9/21/2016 8:33:52 AM"
"cyndiao","10/2/2019 11:46:56 AM"
"cynthiab","11/18/2019 10:44:09 AM"
"CynthiaL","1/31/2018 9:18:03 AM"
"cynthiap",
"daisya",
"daisyr","11/22/2019 4:27:38 PM"
"DaisyS","10/7/2019 10:04:07 AM"
"daniac","11/21/2019 10:06:00 AM"
"danielled","10/25/2016 8:56:15 AM"
"daniellef","11/20/2019 9:27:48 AM"
"darikab",
"dashaynab","11/25/2019 9:47:44 AM"
"davidr","11/21/2019 7:40:31 AM"
"deboraht","12/19/2018 8:39:25 AM"
"dejaneekb","4/22/2019 1:14:06 PM"
"denay","7/6/2018 9:50:41 AM"
"DeniseM","10/20/2017 2:14:48 PM"
"desireer","6/18/2018 8:25:46 AM"
"develop1",
"dianas","11/21/2019 1:12:51 PM"
"dianes","11/21/2019 4:18:31 PM"
"dianned","1/3/2017 4:48:37 PM"
"DianneJ","7/31/2018 12:54:37 PM"
"directors-",
"donnap","12/11/2018 11:53:49 AM"
"donnyb",
"dorothyo","8/9/2019 9:54:13 AM"
"drivera","4/20/2018 12:46:30 PM"
"DulceP","5/1/2017 7:41:15 AM"
"dwcguest","11/17/2019 11:04:31 PM"
"dwcstore","11/18/2019 9:59:44 AM"
"dwenzel","7/25/2017 11:24:38 AM"
"edgara","3/12/2018 3:22:48 PM"
"edithr","5/3/2019 7:45:05 AM"
"eleanorc",
"eleanorn",
"elizabethl","11/18/2019 9:03:33 AM"
"elizabethm","11/25/2019 8:45:02 AM"
"elizabethn","7/1/2016 8:08:18 AM"
"ElizabethO","11/22/2019 10:56:27 AM"
"EllenU","8/3/2017 11:14:11 AM"
"elonaw","10/8/2019 10:50:17 PM"
"elviav","12/20/2016 2:12:45 PM"
"elviny","11/25/2019 9:33:00 AM"
"emilyg","11/18/2019 8:32:58 AM"
"emilyn","10/18/2019 10:46:26 AM"
"emilyv","11/18/2019 8:42:47 AM"
"emmac","9/3/2019 9:36:46 AM"
"emmaj","11/17/2019 11:20:39 AM"
"erikah","11/18/2019 2:50:56 PM"
"EuniceR","6/8/2017 2:31:57 PM"
"evabm","11/25/2019 8:35:38 AM"
"evac",
"evachavez","3/28/2017 1:17:28 PM"
"fernandac","11/17/2019 6:55:56 AM"
"finance","6/17/2014 11:31:58 AM"
"franciner","12/11/2018 9:58:28 AM"
"FredaR","2/7/2019 11:18:40 AM"
"gabrielah","11/18/2019 9:11:17 AM"
"GabrielaV","4/4/2017 9:12:10 AM"
"gabriellad","11/25/2019 8:44:38 AM"
"gabrielles","8/1/2017 9:01:04 AM"
"gabriellew","9/12/2017 1:45:30 PM"
"gautamia","5/23/2016 9:11:31 AM"
"genesism","11/20/2019 12:25:13 PM"
"georgetteb",
"georginar","11/26/2019 9:57:04 AM"
"ginap","11/18/2019 9:35:00 AM"
"gorethys",
"GraceW","11/18/2019 11:30:16 AM"
"Guest",
"guestaccount","1/28/2014 2:59:30 PM"
"haideea","11/18/2019 8:50:12 AM"
"HannahB","6/18/2018 8:17:23 AM"
"HannahL","5/1/2017 8:46:39 AM"
"healthteam","9/2/2014 11:02:18 AM"
"heidyg","11/15/2019 4:46:01 PM"
"hollyh","11/21/2019 8:48:50 AM"
"intern","11/21/2019 9:23:39 AM"
"internOT","7/30/2018 3:04:09 PM"
"irenek","11/14/2019 10:48:01 PM"
"irenem",
"irisa","10/31/2019 11:36:06 AM"
"irvingp",
"irvinp","11/27/2019 8:44:36 AM"
"IUSR_DWC-DC","2/5/2015 9:08:29 PM"
"ivana","11/18/2019 10:27:19 AM"
"ivorye",
"IWAM_DWC-DC",
"izairan",
"jacquelineg","11/25/2019 11:22:18 AM"
"jameshaw",
"jamieb",
"jamiel","7/12/2016 9:47:26 AM"
"jamies",
"jaquientab","2/11/2019 11:25:03 AM"
"jasirijg","9/24/2019 2:10:00 AM"
"jasminaz","10/31/2014 9:37:53 AM"
"jasming","11/18/2019 7:29:59 AM"
"jaylynm","11/20/2018 10:44:25 AM"
"jeanineb","11/25/2019 11:25:09 AM"
"JeannetteV","11/25/2019 3:14:32 PM"
"jeanninew","7/9/2019 1:11:34 PM"
"jennab","4/28/2014 10:01:37 AM"
"jennas","10/14/2014 5:47:21 PM"
"JenniferA","11/13/2018 9:17:43 AM"
"JenniferB","6/11/2016 6:55:59 AM"
"JenniferG","11/25/2019 8:21:54 AM"
"jenniferml",
"jennm","1/13/2016 1:20:38 PM"
"jennyferg","12/9/2014 8:04:25 PM"
"JennyM","9/27/2016 9:25:19 AM"
"jennys","6/27/2017 3:33:37 PM"
"jessep","11/17/2016 11:19:09 AM"
"jessicag","11/26/2019 6:11:22 AM"
"jessicaga","11/27/2019 12:09:34 AM"
"JessicaS","9/8/2016 10:17:32 AM"
"jhazzyem","11/25/2019 8:08:30 AM"
"jmcdonald","4/20/2017 3:16:40 PM"
"joannel","5/21/2018 10:57:54 AM"
"jocelynh",
"JoclynG","4/2/2018 10:37:53 PM"
"joea","11/21/2019 4:19:01 PM"
"joeu",
"johannal","11/18/2019 1:34:00 PM"
"jorgeb","11/24/2019 5:15:33 PM"
"JosabethM","10/16/2015 10:08:58 AM"
"joycew","11/18/2019 1:08:00 PM"
"juanc",
"juliap","1/16/2017 7:59:56 AM"
"kadoetyp","7/2/2018 11:30:26 AM"
"kamilahs","11/18/2019 1:22:16 PM"
"kaneshaj","4/30/2019 11:55:04 AM"
"karonb","7/11/2017 9:05:41 AM"
"kaseemb","5/4/2018 1:53:19 PM"
"KashaJ","11/19/2016 9:38:19 AM"
"katharinem","12/3/2015 4:39:18 PM"
"katieb","4/25/2019 8:17:24 AM"
"katiet","11/4/2015 9:22:20 AM"
"KatrinaV","5/21/2018 8:47:11 AM"
"kellyr","5/16/2016 8:23:29 AM"
"KenyaL","4/27/2018 9:50:28 AM"
"keycard","11/20/2019 3:35:08 PM"
"Kgololesegol","6/13/2019 9:55:09 AM"
"khadijhaj","11/25/2019 1:34:19 PM"
"KimberlyG","5/15/2017 7:13:37 AM"
"kimberlyu",
"kinad","11/19/2019 9:23:29 AM"
"kiram","2/17/2016 7:15:11 AM"
"KishaS","12/4/2017 10:35:32 AM"
"kitchen","3/12/2018 4:02:52 AM"
"kiyianac","11/11/2019 7:22:17 AM"
"krbtgt",
"kristat","8/13/2019 9:01:57 AM"
"KristineC","11/18/2019 9:57:46 AM"
"KyraB",
"lajuanap","10/30/2019 6:21:41 PM"
"lalitac","11/11/2019 4:42:45 PM"
"LanSweeper","11/19/2019 12:00:09 AM"
"LanthiaD","9/15/2018 9:08:23 AM"
"laresidence","11/23/2019 9:16:07 AM"
"larise","11/15/2019 10:58:04 AM"
"latoyah","9/17/2018 8:15:05 AM"
"lauraa","8/3/2018 8:02:57 AM"
"lauraag","10/22/2015 11:22:59 AM"
"laurad","11/15/2019 8:22:20 AM"
"laureem","4/21/2015 6:11:06 PM"
"laurenb","11/22/2019 3:21:17 PM"
"laurend",
"laurenl","1/31/2017 9:16:02 AM"
"laurenm","7/22/2019 9:19:54 AM"
"LaurenW","5/15/2017 7:41:52 AM"
"LavenaL","7/10/2017 12:07:32 PM"
"lbarrera-meza","4/10/2017 11:48:15 AM"
"leannem","7/28/2019 1:46:08 PM"
"LeticiaR","9/15/2017 9:22:45 AM"
"lilianc","12/3/2015 9:20:41 AM"
"lilianv",
"lillied",
"lilyf","11/18/2019 1:14:52 PM"
"lindat","11/19/2019 7:58:15 AM"
"lindital","12/10/2018 8:48:34 AM"
"lisah","10/28/2019 9:31:30 AM"
"lisal","6/7/2017 2:25:27 PM"
"lisaw","11/21/2019 4:22:11 PM"
"LisbetC","8/9/2017 6:00:04 AM"
"lishanw","1/7/2019 8:11:45 PM"
"lixac","5/22/2018 8:57:22 AM"
"lmendoza",
"lorainew","1/9/2019 11:37:24 AM"
"LoraS",
"lorilynl","11/22/2019 12:37:46 PM"
"luanab","6/30/2018 2:20:53 AM"
"lucindap","11/14/2018 2:37:48 PM"
"luise","12/16/2013 8:36:54 AM"
"luish",
"lukem","2/21/2017 9:04:21 AM"
"lukem3","3/31/2014 10:58:42 AM"
"LulaA",
"LunaC","11/20/2019 11:28:50 AM"
"luzm","5/24/2018 1:34:03 PM"
"lynnb","11/5/2019 9:19:43 AM"
"mabelr","7/29/2019 7:29:43 AM"
"madelinec","11/22/2019 8:36:08 AM"
"madelonw","11/26/2019 9:36:10 AM"
"MagdalenaD","3/7/2017 10:04:52 AM"
"MaggieP","2/22/2017 2:53:42 PM"
"maiap","11/12/2015 11:05:18 AM"
"maintenance",
"MandyS","10/12/2015 11:06:42 AM"
"MaraL","2/25/2019 8:58:57 AM"
"MarconjaZ","4/10/2017 9:00:14 AM"
"margauxh","10/1/2013 3:53:29 PM"
"MargueriteS","8/7/2017 8:29:55 AM"
"mariab","1/30/2018 9:56:44 AM"
"mariae","11/24/2019 11:02:54 PM"
"mariaedisabled","3/31/2017 5:58:16 AM"
"MariaF","1/27/2017 10:03:14 AM"
"mariag","9/4/2015 4:03:08 PM"
"mariaunnaf","12/11/2017 9:41:57 AM"
"maribelv","2/21/2015 9:43:27 AM"
"MarinaR","2/7/2017 10:01:11 AM"
"martha",
"marthad","11/27/2018 12:56:15 PM"
"maryannm","2/17/2015 8:57:49 AM"
"mayraf","11/22/2019 5:21:20 AM"
"meghand","3/15/2017 4:45:12 PM"
"melissam","10/20/2019 7:06:03 PM"
"melissat",
"metrics",
"mias","11/25/2019 8:56:09 AM"
"micheled",
"micheler","6/8/2019 9:47:57 AM"
"michelleb","11/19/2019 11:54:27 AM"
"michellee","11/21/2019 3:34:47 PM"
"michellek","11/25/2019 4:36:09 AM"
"micheller","11/18/2019 9:07:48 AM"
"MichelleW","5/2/2016 10:02:34 AM"
"MikoleM","2/23/2018 8:11:53 AM"
"mimid","11/24/2019 3:38:35 PM"
"mitzuyl","11/26/2019 9:25:19 AM"
"mohinin","12/3/2015 2:52:02 PM"
"mollym","8/23/2015 2:01:24 PM"
"MonicaH","11/25/2019 11:14:30 AM"
"MoniqueT","4/13/2017 2:34:08 PM"
"MorganH","11/18/2019 12:42:48 PM"
"mtillman","2/21/2019 10:29:00 AM"
"myongk","11/21/2019 9:40:35 AM"
"myrnar","6/20/2019 1:11:36 PM"
"nadiam","11/27/2019 5:55:05 AM"
"nakiab",
"natashag","8/29/2019 9:43:16 AM"
"natashas","8/18/2015 8:33:16 AM"
"NavarrialM",
"neomit","11/25/2019 8:51:22 AM"
"newempt",
"nicholasn",
"nicolasm","8/14/2018 4:52:46 PM"
"nicoled","3/1/2016 10:42:55 AM"
"nicolek","2/7/2018 12:27:06 PM"
"noemiz",
"nohemim","3/11/2016 9:14:12 AM"
"NormaY","11/23/2016 9:55:44 AM"
"nreynoso","4/27/2016 8:56:08 AM"
"nuryv","6/6/2016 10:23:02 AM"
"NyehlaI","10/13/2017 11:11:57 AM"
"oraliar","11/25/2019 8:55:02 AM"
"oscarr","7/11/2017 8:33:53 AM"
"PatriceB","7/24/2017 11:06:01 AM"
"patriciab",
"patriciah",
"patriciam","2/20/2014 8:15:11 AM"
"PatriciaP","4/3/2018 9:25:16 AM"
"patricks","11/17/2019 12:49:41 PM"
"paulab","9/9/2017 12:49:12 PM"
"paulp","11/18/2019 2:45:34 PM"
"penelopel","2/17/2016 8:57:58 AM"
"penneym","11/20/2019 4:15:54 PM"
"pennya","5/8/2018 1:11:03 PM"
"policyintern","2/6/2019 12:37:44 PM"
"pperez","10/19/2018 3:16:39 PM"
"programss",
"projector","11/5/2019 3:34:49 PM"
"QBDataServiceUser20","2/14/2015 7:00:44 PM"
"QBDataServiceUser22","3/27/2017 6:06:13 PM"
"QBDataServiceUser27","6/17/2017 3:23:06 AM"
"QBDataServiceUser29","11/18/2019 2:33:36 AM"
"RachaelC","2/6/2017 9:08:52 AM"
"rachaelm","9/23/2019 5:29:24 PM"
"rachaels","12/19/2016 9:03:06 PM"
"rachelet","10/24/2019 6:46:53 PM"
"rachelk","5/24/2018 11:47:29 AM"
"RachelL","3/3/2017 11:18:29 PM"
"rafep","7/26/2018 11:24:58 AM"
"raphaellec","5/18/2016 1:01:51 PM"
"ReannaG","11/26/2019 7:09:48 AM"
"rebeccab",
"rebeccag","11/18/2019 8:46:53 AM"
"RebeccaR","11/21/2019 3:54:13 PM"
"RebekahS","5/2/2017 8:01:03 AM"
"RebekkahC","10/12/2015 11:07:41 AM"
"refugios","4/12/2017 10:21:42 AM"
"relion","11/21/2019 11:38:48 AM"
"residentmanager","11/21/2019 6:21:57 AM"
"RickeyL","11/20/2019 6:53:31 AM"
"ritac","9/17/2019 8:45:14 AM"
"RobinI",
"robinm","1/2/2016 6:29:09 AM"
"rochellec",
"rociof",
"RoderickM","11/18/2019 9:55:11 AM"
"rosariot","11/26/2019 6:55:58 AM"
"royk","4/17/2018 11:23:35 AM"
"samanthal","11/6/2015 1:05:03 PM"
"SandraD","11/18/2019 8:53:26 AM"
"SandraK","2/1/2016 7:21:04 AM"
"SandraS","12/11/2017 11:00:37 PM"
"sarahb","11/18/2019 9:49:35 AM"
"sarahc","4/29/2017 12:01:29 PM"
"sarahe","11/22/2017 1:46:22 PM"
"scan","7/23/2018 8:46:47 AM"
"schaffin","9/20/2017 2:48:52 PM"
"sergek","12/30/2016 2:41:55 PM"
"sergiov",
"services","11/25/2019 4:43:08 PM"
"ShaliseR","10/2/2017 2:58:35 PM"
"shaniceb","11/18/2019 4:12:17 PM"
"shannons","7/20/2017 8:05:26 AM"
"sharikak","4/11/2016 12:59:08 PM"
"sharil","11/19/2015 3:31:38 PM"
"sharonm","12/19/2016 9:10:04 AM"
"ShawneaW","7/24/2017 11:10:23 AM"
"sheilag","11/15/2019 5:04:16 PM"
"shenetteh","11/25/2019 4:13:53 PM"
"shirenam",
"ShirleyC","11/21/2019 8:04:17 AM"
"ShirleyM","7/24/2017 8:24:17 AM"
"shoshanah","9/5/2016 11:22:39 AM"
"ShreyaB","8/1/2017 10:12:47 AM"
"sidneyh","11/20/2019 9:41:45 AM"
"silvial","11/25/2019 10:18:30 AM"
"sonjej","11/18/2019 2:56:40 PM"
"spencerc","11/22/2019 7:11:24 AM"
"StaceyH","12/17/2016 6:15:21 AM"
"stephaniec","4/14/2017 8:52:52 AM"
"stephanieg",
"stephaniep","8/16/2016 8:58:15 AM"
"stephanies","7/24/2017 9:13:06 AM"
"store","6/19/2013 12:45:10 PM"
"stuartj","11/26/2019 7:48:19 AM"
"SusanK","8/15/2019 11:21:03 AM"
"susano","4/4/2016 6:01:36 AM"
"sylviar","12/22/2015 10:44:34 AM"
"sylviav","1/2/2019 12:19:41 PM"
"talayam","1/29/2016 9:39:33 AM"
"tamaraet","11/21/2019 2:01:01 PM"
"tamarah",
"tammiem",
"tanjad","6/13/2018 9:07:44 AM"
"taral","12/17/2015 9:45:44 AM"
"TeresaR","5/3/2017 8:02:33 AM"
"tesfaiy","8/15/2019 9:22:26 AM"
"testcopy",
"ThurlowA","8/16/2017 2:17:28 PM"
"tiaj","11/20/2017 9:29:56 AM"
"TiannaT","10/24/2019 3:27:03 PM"
"tiffanyb","6/20/2018 2:44:29 PM"
"torrim","7/17/2018 8:25:42 AM"
"traceyw","11/26/2019 9:50:18 AM"
"tracking",
"tracym","12/22/2017 9:56:36 AM"
"tracyt",
"trinen","11/29/2017 6:58:23 AM"
"tylerb","4/26/2016 4:13:43 PM"
"vanessaf","11/26/2019 11:15:13 AM"
"vanessag","11/24/2019 12:06:25 AM"
"VanessaP","12/31/2015 8:42:20 AM"
"vanessas","2/27/2016 12:36:32 PM"
"vanessaw","10/30/2013 9:55:56 AM"
"veenam","5/19/2015 9:47:29 AM"
"veliciab","10/15/2019 9:20:45 AM"
"veronicat","6/6/2016 11:19:57 AM"
"vgallardo","1/29/2018 8:25:42 AM"
"VictoriaE","2/13/2017 8:18:54 AM"
"victoriah","2/19/2019 8:08:27 AM"
"victorias",
"vilad","10/29/2019 8:57:36 AM"
"violeto",
"VivianB","12/8/2015 12:31:19 PM"
"volunteer","11/21/2019 2:30:09 PM"
"volunteer1",
"volunteerguest","6/18/2012 6:01:01 PM"
"vpena","11/27/2017 8:03:35 AM"
"WendyJ","9/20/2017 8:29:07 AM"
"wendyp","11/18/2019 10:40:58 AM"
"wft1",
"wynnet","2/5/2019 10:04:25 AM"
"yadirac","1/20/2017 4:26:02 PM"
"yamilettv","11/22/2019 9:36:53 AM"
"yolondar","11/26/2018 8:23:23 AM"
"young-ink","8/31/2015 9:17:41 AM"
"yuraimam","11/16/2019 8:52:06 AM"
"Yvettem","3/2/2012 10:02:49 AM"
"zarinag","11/18/2019 9:06:44 AM"
"zaydag","12/9/2017 2:22:04 PM"
"ZchodaeS","9/25/2018 9:07:50 AM"
"zipporahb",
"ZoeW","11/25/2019 8:57:35 AM"
